1,4922f396b36196293ec68912bd2f78,2022-04-16,865,492
2,1e5199a70141708dae7825757ba30b,2022-04-16,220,455
3,d20b4abdf05ce23983efb0f5bd25ef,2022-04-16,255,225
4,155334acc29f5bf9f267b978a348e0,2022-04-16,273,207
5,6319e76285a9be93a5e380bb92e6eb,2022-04-16,139,465
6,345e46b7545aa970281841883f53b6,2022-04-16,658,112
7,5aec371b249324859ddd089b187faa,2022-04-16,912,279
8,1f0acb572cea2307b816bb3f5291a6,2022-04-16,116,654
9,816917e2bd498b986bd94d0099562a,2022-04-16,929,936
10,67680429d9083874340789eedcd302,2022-04-16,583,560
11,2df2b42a8a39f328f44200a2291e72,2022-04-16,802,997
12,c40f6ce26d34008b85c236ea663d13,2022-04-16,893,404
13,315e6d46ae893aef8d76621f8c3860,2022-04-16,334,863
14,7de4a0922d0441f84f0978aa898a0d,2022-04-16,638,364
15,05c6c298acd156e615556327470ea9,2022-04-16,826,453
16,4119dd26d668555896b2add0cdeab3,2022-04-16,102,820
17,c3dbe521ea98cdbebd02d1b70535b6,2022-04-16,58,836
18,76cf4b9c13dd15cef234afd8d76461,2022-04-16,287,236
19,75a11330f7d47ca8140b8fc7ba6231,2022-04-16,851,333
20,9dc5c0ada5e1e54c70ab42008298b7,2022-04-16,657,283
21,50c786654f065407fcf2879bb0ec0a,2022-04-16,451,736
22,b4a2ac0d44796d7c942b6aacf36349,2022-04-16,751,478
23,d1e901ff653c9900ed5a4a01ce4a71,2022-04-16,505,487
24,2a6d514962746464c455a5d03f58e7,2022-04-16,603,812
25,f7e356d2b45992141de71464c5974f,2022-04-16,641,476
26,220f1fe5865bc447ea3b1fc3da3dc3,2022-04-16,803,826
27,064d324db06143936fe9fe0aef81f8,2022-04-16,322,143
28,e95a7273a14b4fc72cf7ab8baea635,2022-04-16,248,123
29,055cbd263c60b187c5f2911a3c476d,2022-04-16,403,837
30,cfd708e4d041942e86406ca80e7f2f,2022-04-16,22,143
31,67562d2420e139b8f9e63f64be277d,2022-04-16,541,99
32,561caa57f7e03b1a38733d1712930c,2022-04-16,645,714
33,43703392fca58bace9641d123b6c75,2022-04-16,317,312
34,8f3d41fb66829370adb25adcf05d2a,2022-04-16,85,55
35,2ee20628b3297c4c41c55a390e051a,2022-04-16,126,302
36,2e9d46209a78b326e3d89427a78f50,2022-04-16,867,504
37,ce846e10477b05932b7fbfe888b354,2022-04-16,524,918
38,26b57e60e721fa7c83e0a621fda13b,2022-04-16,693,140
39,211e36afb4617f457816d080bf79fa,2022-04-16,862,57
40,d9154122a2730dc0fd6af57bbd1690,2022-04-16,333,733
41,1cdac035a4813b1ea0f0799fdb50fc,2022-04-16,373,488
42,66b6b0028b76e8321be1c4cd4468c2,2022-04-16,409,601
43,f10d50fc8a1630b3c036d52cfb7f8b,2022-04-16,375,760
44,d4969f84335860059a8ed9352cb53f,2022-04-16,705,189
45,d39ff90b32378660e3590417e002f3,2022-04-16,418,196
46,6b33e308cdc715f40db382f4ddbc8e,2022-04-16,457,569
47,8f58b3f8075779e1a151ef1c852d2c,2022-04-16,404,492
48,0ef788226a3cbead410709b3d68a87,2022-04-16,272,108
49,f1a60cedba1c327c93eeefb2e0cf21,2022-04-16,793,971
50,c939604abfd044248a95c1a10d6fe5,2022-04-16,111,749
51,491de6ad55e17ef44ccd5509ef17dd,2022-04-16,524,530
52,57c978633fa2f3ce1532c1920ddfb4,2022-04-16,194,715
53,aeb2cc3b85874eba34180b68d4e721,2022-04-16,391,164
54,1ed55a2afdec3d647ec7ac457cd6ed,2022-04-16,458,15
55,78c74eebe911ead94e146a18e64d08,2022-04-16,320,344
56,33251d3d78279f893952d417eb6278,2022-04-16,234,39
57,1fc7d4e89703549c9f9af28d83acae,2022-04-16,808,140
58,c51993012a8800a1d21f6b3342d0a8,2022-04-16,563,238
59,52107f899d318082f9d6c75d18c9da,2022-04-16,925,607
60,0deefa5730f48f026972f6cbf9b766,2022-04-16,883,169
61,405f7cd2519f7e35d79fc63a0f7ccc,2022-04-16,214,810
62,ce752fff4971b4d174bcd2feba68b6,2022-04-16,567,985
63,f98d01b04945aabd9c687082e121bc,2022-04-16,800,933
64,1ba1fc087d50977dba16013d484085,2022-04-16,480,884
65,d77281154089d502f1ad25f67a1b0b,2022-04-16,532,632
66,5fea3f321e3e15c2b38915355e7494,2022-04-16,540,704
67,e94aa1451ebeb713208a5c60503433,2022-04-16,128,475
68,e42c5de00ab8905f7809e7dce097c0,2022-04-16,530,189
69,8c4fca72980cc7f34a1d1054750997,2022-04-16,672,168
70,ba453dfe0f8b5e926dcb77c68a819f,2022-04-16,443,480
71,cc95f88c70939ed5b16230d0d5d38b,2022-04-16,622,104
72,9fcfb1217c2467bbd570a1b0927db6,2022-04-16,920,921
73,d79af196b3e08b91b3f82e57d0cf06,2022-04-16,123,270
74,67b72730c36c29a622a0006e6d0043,2022-04-16,318,743
75,fd8ca9bfd6a345097519ba02437d37,2022-04-16,14,936
76,99e91e8e054d89095b37d8c6627311,2022-04-16,459,781
77,b6f5ec1fc34a60c260ead5b2f8bfb8,2022-04-16,249,242
78,9fbbea05760025ba872aa4b5d6d0a7,2022-04-16,904,555
79,5b1d89b0509e6672c3196930b66d53,2022-04-16,409,732
80,aa3b2c7c7d01f982188b608609b11b,2022-04-16,238,765
81,2183c7be5bf723d5b11d44eb46ddb3,2022-04-16,686,621
82,ff200f454394f7ffc6ad7e4912654a,2022-04-16,286,220
83,ad85118c381b83dd93d592f523adb0,2022-04-16,404,320
84,a31ea00e4690f9971c9832f0a2e79b,2022-04-16,573,376
85,bbb9d5c48238612c5f995373e8ad82,2022-04-16,931,182
86,3ec6ccf23944ad88f809a2704d4b0e,2022-04-16,147,994
87,0c97291e52269fde234440655e27fd,2022-04-16,214,619
88,31a8a147654ed100d6e70c49d831a4,2022-04-16,290,244
89,da19826b3dc91b98f69d1561713d80,2022-04-16,714,265
90,1292f76714a05d46f27fbcf81d4aff,2022-04-16,149,472
91,de80e756a33963a09c1070bb35c22d,2022-04-16,766,410
92,a620292925b5f8fe74db6182421df7,2022-04-16,271,590
93,e8f602b552f5115673850c47cfdfab,2022-04-16,314,644
94,8ffdaa8792c0c1f6c98d3b184072dc,2022-04-16,831,896
95,7953e06bc92ee1913d2525f7f2ffe4,2022-04-16,80,749
96,3f7e45ab92a8b1a129b5d103ba98ec,2022-04-16,645,772
97,ef60f3df5dd30199186d95ab65a095,2022-04-16,508,413
98,0ef24176eb85bf8ce71bf521082c7b,2022-04-16,467,478
99,f1aef81331232826fffb41b87e19c4,2022-04-16,146,317
100,b06ea5e23cd111782286d193bca820,2022-04-16,471,10
